Path,Extension,SizeBytes,Status
".nojekyll","",0,"live-or-root"
".well-known/security.txt",".txt",159,"live-or-root"
"affiliate-disclosure.html",".html",566,"live-or-root"
"archive/change-sets/amazon-click-tracking/blog/how-often-change-air-filter.html",".html",25908,"archived"
"archive/change-sets/amazon-click-tracking/blog/index.html",".html",5858,"archived"
"archive/change-sets/amazon-click-tracking/index.html",".html",27891,"archived"
"archive/change-sets/amazon-click-tracking/script.js",".js",67699,"archived"
"archive/change-sets/blog-images/assets/images/blog/air-filter-maintenance-tips.webp",".webp",64244,"archived"
"archive/change-sets/blog-images/assets/images/blog/change-air-filter-installation.webp",".webp",75636,"archived"
"archive/change-sets/blog-images/assets/images/blog/dirty-vs-clean-air-filter.webp",".webp",108698,"archived"
"archive/change-sets/blog-images/blog/how-often-change-air-filter.html",".html",25908,"archived"
"archive/change-sets/blog-images/blog/index.html",".html",5858,"archived"
"archive/change-sets/blog-images/script.js",".js",66393,"archived"
"archive/change-sets/blog-images/style.css",".css",73956,"archived"
"archive/change-sets/dirty-filter-energy/assets/images/blog/dirty-filter-airflow-energy-diagram.webp",".webp",73204,"archived"
"archive/change-sets/dirty-filter-energy/assets/images/blog/dirty-filter-energy-bill-hero.webp",".webp",79000,"archived"
"archive/change-sets/dirty-filter-energy/assets/images/blog/hvac-energy-bill-factors.webp",".webp",79882,"archived"
"archive/change-sets/dirty-filter-energy/blog/dirty-air-filter-energy-bill.html",".html",41099,"archived"
"archive/change-sets/dirty-filter-energy/blog/how-often-change-air-filter.html",".html",32349,"archived"
"archive/change-sets/dirty-filter-energy/blog/index.html",".html",8504,"archived"
"archive/change-sets/dirty-filter-energy/blog/signs-hvac-filter-is-clogged.html",".html",42323,"archived"
"archive/change-sets/dirty-filter-energy/index.html",".html",30615,"archived"
"archive/change-sets/dirty-filter-energy/sitemap.xml",".xml",1732,"archived"
"archive/change-sets/filter-finder-analytics/blog/how-often-change-air-filter.html",".html",25908,"archived"
"archive/change-sets/filter-finder-analytics/blog/index.html",".html",5858,"archived"
"archive/change-sets/filter-finder-analytics/index.html",".html",27944,"archived"
"archive/change-sets/filter-finder-analytics/script.js",".js",74186,"archived"
"archive/change-sets/filter-finder-modal/assets/images/filter-product-confirm-size.webp",".webp",41570,"archived"
"archive/change-sets/filter-finder-modal/assets/images/filter-product-generic.webp",".webp",37396,"archived"
"archive/change-sets/filter-finder-modal/assets/images/filter-product-merv-11.webp",".webp",42864,"archived"
"archive/change-sets/filter-finder-modal/assets/images/filter-product-merv-13.webp",".webp",46802,"archived"
"archive/change-sets/filter-finder-modal/assets/images/filter-product-merv-8.webp",".webp",37788,"archived"
"archive/change-sets/filter-finder-modal/blog/how-often-change-air-filter.html",".html",22254,"archived"
"archive/change-sets/filter-finder-modal/blog/index.html",".html",5858,"archived"
"archive/change-sets/filter-finder-modal/index.html",".html",27891,"archived"
"archive/change-sets/filter-finder-modal/script.js",".js",66094,"archived"
"archive/change-sets/filter-finder-modal/sitemap.xml",".xml",627,"archived"
"archive/change-sets/filter-finder-modal/style.css",".css",71397,"archived"
"archive/change-sets/pinterest-package/assets/pinterest/how-often-change-air-filter/air-filter-replacement-schedule-03.webp",".webp",59716,"archived"
"archive/change-sets/pinterest-package/assets/pinterest/how-often-change-air-filter/dirty-vs-clean-air-filter-02.webp",".webp",71248,"archived"
"archive/change-sets/pinterest-package/assets/pinterest/how-often-change-air-filter/how-often-change-air-filter-guide-01.webp",".webp",63528,"archived"
"archive/change-sets/pinterest-package/assets/pinterest/how-often-change-air-filter/how-to-find-air-filter-size-05.webp",".webp",59040,"archived"
"archive/change-sets/pinterest-package/assets/pinterest/how-often-change-air-filter/indoor-air-quality-filter-tips-06.webp",".webp",73074,"archived"
"archive/change-sets/pinterest-package/assets/pinterest/how-often-change-air-filter/signs-hvac-filter-needs-replacing-04.webp",".webp",72230,"archived"
"archive/change-sets/pinterest-package/pinterest-upload/how-often-change-air-filter-pins.csv",".csv",3012,"archived"
"archive/change-sets/pinterest-package/pinterest-upload/pin-manifest.csv",".csv",4273,"archived"
"archive/change-sets/pinterest-package/pinterest-upload/README.md",".md",4697,"archived"
"archive/change-sets/privacy-consent/affiliate-disclosure.html",".html",6874,"archived"
"archive/change-sets/privacy-consent/blog/how-often-change-air-filter.html",".html",27306,"archived"
"archive/change-sets/privacy-consent/blog/index.html",".html",7220,"archived"
"archive/change-sets/privacy-consent/cookie-policy.html",".html",8635,"archived"
"archive/change-sets/privacy-consent/index.html",".html",29416,"archived"
"archive/change-sets/privacy-consent/privacy-policy.html",".html",9961,"archived"
"archive/change-sets/privacy-consent/script.js",".js",83165,"archived"
"archive/change-sets/privacy-consent/sitemap.xml",".xml",1338,"archived"
"archive/change-sets/privacy-consent/style.css",".css",78637,"archived"
"archive/change-sets/privacy-consent/terms-of-use.html",".html",8129,"archived"
"archive/change-sets/production-hardening/affiliate-disclosure.html",".html",6876,"archived"
"archive/change-sets/production-hardening/blog/how-often-change-air-filter.html",".html",27308,"archived"
"archive/change-sets/production-hardening/blog/index.html",".html",7222,"archived"
"archive/change-sets/production-hardening/cookie-policy.html",".html",8637,"archived"
"archive/change-sets/production-hardening/index.html",".html",29415,"archived"
"archive/change-sets/production-hardening/privacy-policy.html",".html",9963,"archived"
"archive/change-sets/production-hardening/script.js",".js",83938,"archived"
"archive/change-sets/production-hardening/sitemap.xml",".xml",1338,"archived"
"archive/change-sets/production-hardening/style.css",".css",79026,"archived"
"archive/change-sets/production-hardening/terms-of-use.html",".html",8131,"archived"
"archive/change-sets/signs-hvac-filter-article/assets/images/clean-vs-clogged-filter.webp",".webp",85214,"archived"
"archive/change-sets/signs-hvac-filter-article/assets/images/clogged-filter-warning-signs.webp",".webp",63726,"archived"
"archive/change-sets/signs-hvac-filter-article/assets/images/signs-hvac-filter-clogged-hero.webp",".webp",77030,"archived"
"archive/change-sets/signs-hvac-filter-article/blog/how-often-change-air-filter.html",".html",27349,"archived"
"archive/change-sets/signs-hvac-filter-article/blog/index.html",".html",7859,"archived"
"archive/change-sets/signs-hvac-filter-article/blog/signs-hvac-filter-is-clogged.html",".html",37023,"archived"
"archive/change-sets/signs-hvac-filter-article/index.html",".html",30012,"archived"
"archive/change-sets/signs-hvac-filter-article/script.js",".js",85297,"archived"
"archive/change-sets/signs-hvac-filter-article/sitemap.xml",".xml",1535,"archived"
"archive/change-sets/signs-hvac-filter-article/style.css",".css",79165,"archived"
"archive/legacy/source-images/filter-products/filter-product-confirm-size-source.png",".png",1422437,"archived"
"archive/legacy/source-images/filter-products/filter-product-generic-source.png",".png",1410926,"archived"
"archive/legacy/source-images/filter-products/filter-product-merv-11-source.png",".png",1451035,"archived"
"archive/legacy/source-images/filter-products/filter-product-merv-13-source.png",".png",1514469,"archived"
"archive/legacy/source-images/filter-products/filter-product-merv-8-source.png",".png",1427142,"archived"
"archive/legacy/unused-images/busy-homeowner-phone-groceries.png",".png",2197961,"archived"
"archive/legacy/unused-images/confused-homeowner-filter-size.png",".png",2181752,"archived"
"archive/legacy/unused-images/dirty-vs-clean-filter.png",".png",2410289,"archived"
"archive/legacy/unused-images/filter-delivery-box.png",".png",2325256,"archived"
"archive/legacy/unused-images/filter-size-identified.png",".png",2013985,"archived"
"archive/legacy/unused-images/healthy-home-air-family.png",".png",2473779,"archived"
"archive/legacy/unused-images/property-manager-dashboard.png",".png",2062375,"archived"
"archive/legacy/unused-images/subscription-reminder-dashboard.png",".png",1338595,"archived"
"archive/legacy/unused-images/upload-filter-photo.png",".png",2091010,"archived"
"archive/unclassified/.image-tools/node_modules/.bin/semver","",389,"archived"
"archive/unclassified/.image-tools/node_modules/.bin/semver.cmd",".cmd",325,"archived"
"archive/unclassified/.image-tools/node_modules/.bin/semver.ps1",".ps1",805,"archived"
"archive/unclassified/.image-tools/node_modules/.package-lock.json",".json",4771,"archived"
"archive/unclassified/.image-tools/node_modules/@emnapi/runtime/dist/emnapi.cjs.js",".js",43125,"archived"
"archive/unclassified/.image-tools/node_modules/@emnapi/runtime/dist/emnapi.cjs.min.d.ts",".ts",21740,"archived"
"archive/unclassified/.image-tools/node_modules/@emnapi/runtime/dist/emnapi.cjs.min.js",".js",21319,"archived"
"archive/unclassified/.image-tools/node_modules/@emnapi/runtime/dist/emnapi.d.mts",".mts",21740,"archived"
"archive/unclassified/.image-tools/node_modules/@emnapi/runtime/dist/emnapi.d.ts",".ts",21769,"archived"
"archive/unclassified/.image-tools/node_modules/@emnapi/runtime/dist/emnapi.esm-bundler.js",".js",52702,"archived"
"archive/unclassified/.image-tools/node_modules/@emnapi/runtime/dist/emnapi.iife.d.ts",".ts",14650,"archived"
"archive/unclassified/.image-tools/node_modules/@emnapi/runtime/dist/emnapi.iife.js",".js",61228,"archived"
"archive/unclassified/.image-tools/node_modules/@emnapi/runtime/dist/emnapi.js",".js",61504,"archived"
"archive/unclassified/.image-tools/node_modules/@emnapi/runtime/dist/emnapi.min.d.mts",".mts",21740,"archived"
"archive/unclassified/.image-tools/node_modules/@emnapi/runtime/dist/emnapi.min.js",".js",25989,"archived"
"archive/unclassified/.image-tools/node_modules/@emnapi/runtime/dist/emnapi.min.mjs",".mjs",21114,"archived"
"archive/unclassified/.image-tools/node_modules/@emnapi/runtime/dist/emnapi.mjs",".mjs",42327,"archived"
"archive/unclassified/.image-tools/node_modules/@emnapi/runtime/index.js",".js",196,"archived"
"archive/unclassified/.image-tools/node_modules/@emnapi/runtime/LICENSE","",1076,"archived"
"archive/unclassified/.image-tools/node_modules/@emnapi/runtime/package.json",".json",1187,"archived"
"archive/unclassified/.image-tools/node_modules/@emnapi/runtime/README.md",".md",83,"archived"
"archive/unclassified/.image-tools/node_modules/@img/colour/color.cjs",".cjs",45136,"archived"
"archive/unclassified/.image-tools/node_modules/@img/colour/index.cjs",".cjs",49,"archived"
"archive/unclassified/.image-tools/node_modules/@img/colour/index.d.ts",".ts",21569,"archived"
"archive/unclassified/.image-tools/node_modules/@img/colour/LICENSE.md",".md",4433,"archived"
"archive/unclassified/.image-tools/node_modules/@img/colour/package.json",".json",1515,"archived"
"archive/unclassified/.image-tools/node_modules/@img/colour/README.md",".md",562,"archived"
"archive/unclassified/.image-tools/node_modules/@img/sharp-wasm32/index.cjs",".cjs",59,"archived"
"archive/unclassified/.image-tools/node_modules/@img/sharp-wasm32/lib/sharp-wasm32-0.35.2.node.js",".js",153399,"archived"
"archive/unclassified/.image-tools/node_modules/@img/sharp-wasm32/lib/sharp-wasm32-0.35.2.node.wasm",".wasm",8878724,"archived"
"archive/unclassified/.image-tools/node_modules/@img/sharp-wasm32/LICENSE","",10273,"archived"
"archive/unclassified/.image-tools/node_modules/@img/sharp-wasm32/package.json",".json",855,"archived"
"archive/unclassified/.image-tools/node_modules/@img/sharp-wasm32/README.md",".md",3740,"archived"
"archive/unclassified/.image-tools/node_modules/@img/sharp-wasm32/versions.json",".json",397,"archived"
"archive/unclassified/.image-tools/node_modules/@img/sharp-win32-x64/index.cjs",".cjs",62,"archived"
"archive/unclassified/.image-tools/node_modules/@img/sharp-win32-x64/lib/libvips-42.dll",".dll",18406400,"archived"
"archive/unclassified/.image-tools/node_modules/@img/sharp-win32-x64/lib/libvips-cpp-8.18.3.dll",".dll",333312,"archived"
"archive/unclassified/.image-tools/node_modules/@img/sharp-win32-x64/lib/sharp-win32-x64-0.35.2.node",".node",442880,"archived"
"archive/unclassified/.image-tools/node_modules/@img/sharp-win32-x64/LICENSE","",10464,"archived"
"archive/unclassified/.image-tools/node_modules/@img/sharp-win32-x64/package.json",".json",888,"archived"
"archive/unclassified/.image-tools/node_modules/@img/sharp-win32-x64/README.md",".md",4913,"archived"
"archive/unclassified/.image-tools/node_modules/@img/sharp-win32-x64/versions.json",".json",600,"archived"
"archive/unclassified/.image-tools/node_modules/detect-libc/index.d.ts",".ts",436,"archived"
"archive/unclassified/.image-tools/node_modules/detect-libc/lib/detect-libc.js",".js",7503,"archived"
"archive/unclassified/.image-tools/node_modules/detect-libc/lib/elf.js",".js",982,"archived"
"archive/unclassified/.image-tools/node_modules/detect-libc/lib/filesystem.js",".js",1097,"archived"
"archive/unclassified/.image-tools/node_modules/detect-libc/lib/process.js",".js",569,"archived"
"archive/unclassified/.image-tools/node_modules/detect-libc/LICENSE","",11357,"archived"
"archive/unclassified/.image-tools/node_modules/detect-libc/package.json",".json",1278,"archived"
"archive/unclassified/.image-tools/node_modules/detect-libc/README.md",".md",3215,"archived"
"archive/unclassified/.image-tools/node_modules/semver/bin/semver.js",".js",4957,"archived"
"archive/unclassified/.image-tools/node_modules/semver/classes/comparator.js",".js",3631,"archived"
"archive/unclassified/.image-tools/node_modules/semver/classes/index.js",".js",143,"archived"
"archive/unclassified/.image-tools/node_modules/semver/classes/range.js",".js",15647,"archived"
"archive/unclassified/.image-tools/node_modules/semver/classes/semver.js",".js",9891,"archived"
"archive/unclassified/.image-tools/node_modules/semver/functions/clean.js",".js",205,"archived"
"archive/unclassified/.image-tools/node_modules/semver/functions/cmp.js",".js",961,"archived"
"archive/unclassified/.image-tools/node_modules/semver/functions/coerce.js",".js",2004,"archived"
"archive/unclassified/.image-tools/node_modules/semver/functions/compare-build.js",".js",281,"archived"
"archive/unclassified/.image-tools/node_modules/semver/functions/compare-loose.js",".js",132,"archived"
"archive/unclassified/.image-tools/node_modules/semver/functions/compare.js",".js",170,"archived"
"archive/unclassified/.image-tools/node_modules/semver/functions/diff.js",".js",1423,"archived"
"archive/unclassified/.image-tools/node_modules/semver/functions/eq.js",".js",126,"archived"
"archive/unclassified/.image-tools/node_modules/semver/functions/gt.js",".js",124,"archived"
"archive/unclassified/.image-tools/node_modules/semver/functions/gte.js",".js",127,"archived"
"archive/unclassified/.image-tools/node_modules/semver/functions/inc.js",".js",478,"archived"
"archive/unclassified/.image-tools/node_modules/semver/functions/lt.js",".js",124,"archived"
"archive/unclassified/.image-tools/node_modules/semver/functions/lte.js",".js",127,"archived"
"archive/unclassified/.image-tools/node_modules/semver/functions/major.js",".js",136,"archived"
"archive/unclassified/.image-tools/node_modules/semver/functions/minor.js",".js",136,"archived"
"archive/unclassified/.image-tools/node_modules/semver/functions/neq.js",".js",128,"archived"
"archive/unclassified/.image-tools/node_modules/semver/functions/parse.js",".js",331,"archived"
"archive/unclassified/.image-tools/node_modules/semver/functions/patch.js",".js",136,"archived"
"archive/unclassified/.image-tools/node_modules/semver/functions/prerelease.js",".js",234,"archived"
"archive/unclassified/.image-tools/node_modules/semver/functions/rcompare.js",".js",132,"archived"
"archive/unclassified/.image-tools/node_modules/semver/functions/rsort.js",".js",163,"archived"
"archive/unclassified/.image-tools/node_modules/semver/functions/satisfies.js",".js",247,"archived"
"archive/unclassified/.image-tools/node_modules/semver/functions/sort.js",".js",161,"archived"
"archive/unclassified/.image-tools/node_modules/semver/functions/truncate.js",".js",1021,"archived"
"archive/unclassified/.image-tools/node_modules/semver/functions/valid.js",".js",176,"archived"
"archive/unclassified/.image-tools/node_modules/semver/index.js",".js",2691,"archived"
"archive/unclassified/.image-tools/node_modules/semver/internal/constants.js",".js",873,"archived"
"archive/unclassified/.image-tools/node_modules/semver/internal/debug.js",".js",240,"archived"
"archive/unclassified/.image-tools/node_modules/semver/internal/identifiers.js",".js",525,"archived"
"archive/unclassified/.image-tools/node_modules/semver/internal/lrucache.js",".js",802,"archived"
"archive/unclassified/.image-tools/node_modules/semver/internal/parse-options.js",".js",338,"archived"
"archive/unclassified/.image-tools/node_modules/semver/internal/re.js",".js",8139,"archived"
"archive/unclassified/.image-tools/node_modules/semver/LICENSE","",765,"archived"
"archive/unclassified/.image-tools/node_modules/semver/package.json",".json",1661,"archived"
"archive/unclassified/.image-tools/node_modules/semver/preload.js",".js",83,"archived"
"archive/unclassified/.image-tools/node_modules/semver/range.bnf",".bnf",702,"archived"
"archive/unclassified/.image-tools/node_modules/semver/ranges/gtr.js",".js",231,"archived"
"archive/unclassified/.image-tools/node_modules/semver/ranges/intersects.js",".js",224,"archived"
"archive/unclassified/.image-tools/node_modules/semver/ranges/ltr.js",".js",227,"archived"
"archive/unclassified/.image-tools/node_modules/semver/ranges/max-satisfying.js",".js",593,"archived"
"archive/unclassified/.image-tools/node_modules/semver/ranges/min-satisfying.js",".js",591,"archived"
"archive/unclassified/.image-tools/node_modules/semver/ranges/min-version.js",".js",1514,"archived"
"archive/unclassified/.image-tools/node_modules/semver/ranges/outside.js",".js",2204,"archived"
"archive/unclassified/.image-tools/node_modules/semver/ranges/simplify.js",".js",1355,"archived"
"archive/unclassified/.image-tools/node_modules/semver/ranges/subset.js",".js",7478,"archived"
"archive/unclassified/.image-tools/node_modules/semver/ranges/to-comparators.js",".js",282,"archived"
"archive/unclassified/.image-tools/node_modules/semver/ranges/valid.js",".js",326,"archived"
"archive/unclassified/.image-tools/node_modules/semver/README.md",".md",25669,"archived"
"archive/unclassified/.image-tools/node_modules/sharp/dist/channel.cjs",".cjs",5383,"archived"
"archive/unclassified/.image-tools/node_modules/sharp/dist/channel.mjs",".mjs",5376,"archived"
"archive/unclassified/.image-tools/node_modules/sharp/dist/colour.cjs",".cjs",5314,"archived"
"archive/unclassified/.image-tools/node_modules/sharp/dist/colour.mjs",".mjs",5302,"archived"
"archive/unclassified/.image-tools/node_modules/sharp/dist/composite.cjs",".cjs",9079,"archived"
"archive/unclassified/.image-tools/node_modules/sharp/dist/composite.mjs",".mjs",9072,"archived"
"archive/unclassified/.image-tools/node_modules/sharp/dist/constructor.cjs",".cjs",20355,"archived"
"archive/unclassified/.image-tools/node_modules/sharp/dist/constructor.mjs",".mjs",20331,"archived"
"archive/unclassified/.image-tools/node_modules/sharp/dist/index.cjs",".cjs",620,"archived"
"archive/unclassified/.image-tools/node_modules/sharp/dist/index.d.cts",".cts",91832,"archived"
"archive/unclassified/.image-tools/node_modules/sharp/dist/index.d.mts",".mts",86949,"archived"
"archive/unclassified/.image-tools/node_modules/sharp/dist/index.mjs",".mjs",573,"archived"
"archive/unclassified/.image-tools/node_modules/sharp/dist/input.cjs",".cjs",33488,"archived"
"archive/unclassified/.image-tools/node_modules/sharp/dist/input.mjs",".mjs",33476,"archived"
"archive/unclassified/.image-tools/node_modules/sharp/dist/is.cjs",".cjs",2930,"archived"
"archive/unclassified/.image-tools/node_modules/sharp/dist/is.mjs",".mjs",2928,"archived"
"archive/unclassified/.image-tools/node_modules/sharp/dist/libvips.cjs",".cjs",5833,"archived"
"archive/unclassified/.image-tools/node_modules/sharp/dist/libvips.mjs",".mjs",5828,"archived"
"archive/unclassified/.image-tools/node_modules/sharp/dist/operation.cjs",".cjs",32282,"archived"
"archive/unclassified/.image-tools/node_modules/sharp/dist/operation.mjs",".mjs",32275,"archived"
"archive/unclassified/.image-tools/node_modules/sharp/dist/output.cjs",".cjs",65111,"archived"
"archive/unclassified/.image-tools/node_modules/sharp/dist/output.mjs",".mjs",65094,"archived"
"archive/unclassified/.image-tools/node_modules/sharp/dist/resize.cjs",".cjs",21729,"archived"
"archive/unclassified/.image-tools/node_modules/sharp/dist/resize.mjs",".mjs",21722,"archived"
"archive/unclassified/.image-tools/node_modules/sharp/dist/sharp.cjs",".cjs",5879,"archived"
"archive/unclassified/.image-tools/node_modules/sharp/dist/sharp.mjs",".mjs",5974,"archived"
"archive/unclassified/.image-tools/node_modules/sharp/dist/utility.cjs",".cjs",9493,"archived"
"archive/unclassified/.image-tools/node_modules/sharp/dist/utility.mjs",".mjs",9569,"archived"
"archive/unclassified/.image-tools/node_modules/sharp/install/build.js",".js",860,"archived"
"archive/unclassified/.image-tools/node_modules/sharp/lib/index.d.ts",".ts",91832,"archived"
"archive/unclassified/.image-tools/node_modules/sharp/LICENSE","",10273,"archived"
"archive/unclassified/.image-tools/node_modules/sharp/package.json",".json",8037,"archived"
"archive/unclassified/.image-tools/node_modules/sharp/README.md",".md",3162,"archived"
"archive/unclassified/.image-tools/node_modules/sharp/src/binding.gyp",".gyp",10805,"archived"
"archive/unclassified/.image-tools/node_modules/sharp/src/common.cc",".cc",41350,"archived"
"archive/unclassified/.image-tools/node_modules/sharp/src/common.h",".h",10988,"archived"
"archive/unclassified/.image-tools/node_modules/sharp/src/metadata.cc",".cc",15320,"archived"
"archive/unclassified/.image-tools/node_modules/sharp/src/metadata.h",".h",1878,"archived"
"archive/unclassified/.image-tools/node_modules/sharp/src/operations.cc",".cc",17412,"archived"
"archive/unclassified/.image-tools/node_modules/sharp/src/operations.h",".h",3625,"archived"
"archive/unclassified/.image-tools/node_modules/sharp/src/pipeline.cc",".cc",91185,"archived"
"archive/unclassified/.image-tools/node_modules/sharp/src/pipeline.h",".h",10087,"archived"
"archive/unclassified/.image-tools/node_modules/sharp/src/sharp.cc",".cc",1529,"archived"
"archive/unclassified/.image-tools/node_modules/sharp/src/stats.cc",".cc",6756,"archived"
"archive/unclassified/.image-tools/node_modules/sharp/src/stats.h",".h",1267,"archived"
"archive/unclassified/.image-tools/node_modules/sharp/src/utilities.cc",".cc",9508,"archived"
"archive/unclassified/.image-tools/node_modules/sharp/src/utilities.h",".h",741,"archived"
"archive/unclassified/.image-tools/node_modules/tslib/CopyrightNotice.txt",".txt",822,"archived"
"archive/unclassified/.image-tools/node_modules/tslib/LICENSE.txt",".txt",655,"archived"
"archive/unclassified/.image-tools/node_modules/tslib/modules/index.d.ts",".ts",801,"archived"
"archive/unclassified/.image-tools/node_modules/tslib/modules/index.js",".js",1416,"archived"
"archive/unclassified/.image-tools/node_modules/tslib/modules/package.json",".json",26,"archived"
"archive/unclassified/.image-tools/node_modules/tslib/package.json",".json",1219,"archived"
"archive/unclassified/.image-tools/node_modules/tslib/README.md",".md",4033,"archived"
"archive/unclassified/.image-tools/node_modules/tslib/SECURITY.md",".md",2757,"archived"
"archive/unclassified/.image-tools/node_modules/tslib/tslib.d.ts",".ts",18317,"archived"
"archive/unclassified/.image-tools/node_modules/tslib/tslib.es6.html",".html",36,"archived"
"archive/unclassified/.image-tools/node_modules/tslib/tslib.es6.js",".js",19215,"archived"
"archive/unclassified/.image-tools/node_modules/tslib/tslib.es6.mjs",".mjs",17648,"archived"
"archive/unclassified/.image-tools/node_modules/tslib/tslib.html",".html",32,"archived"
"archive/unclassified/.image-tools/node_modules/tslib/tslib.js",".js",23382,"archived"
"archive/unclassified/.image-tools/package-lock.json",".json",19266,"archived"
"archive/unclassified/.image-tools/package.json",".json",51,"archived"
"archive/unclassified/.image-tools-cache/_cacache/content-v2/sha512/06/d8/f604e38ef37a375b21f9f5ef0c817b3111055c6ab9143a9118aee6c1d2eaf09cdd74c90dfae2bb22072535d67665a966199b4e62fe87fb8a8e26ce2841b5","",7776,"archived"
"archive/unclassified/.image-tools-cache/_cacache/content-v2/sha512/07/75/ffb21567f61d61e9fad2e321cb997b57456f455de1781545c28d052b3cd6c2359a65b0dbda3fce9e9d027a8d2f5eb228cf2c5f3635c9b8d1fcbc25d11f0a","",116352,"archived"
"archive/unclassified/.image-tools-cache/_cacache/content-v2/sha512/0a/42/a12ab1ae277461f7db490b36d361b2db9754b93630d8505bededcb870696bc1b2b56c36505f0c14d9b0a57db6e4eefac60b0929a9c28f8b581e45bb5848f","",47861,"archived"
"archive/unclassified/.image-tools-cache/_cacache/content-v2/sha512/0f/78/8f4c0bc68d6ccb777a3a8893c42f8a7d54787578773c38d045441e57447780aa508d9794e5ac9650e55f0eedf749c331f8cff9ebbeccd902a1575b8bd13c","",34674,"archived"
"archive/unclassified/.image-tools-cache/_cacache/content-v2/sha512/15/5b/458ed042322252eb26f9097ed2a29e39585329786c3aa112ae2675d881ffdfd66b3f0fb2c4fd95123719d6eeb67f75bb25416624a2a14718f68306d68ae3","",212378,"archived"
"archive/unclassified/.image-tools-cache/_cacache/content-v2/sha512/29/d5/8b4564c340d53e5510bce4732df3959a5aa68bac25a1cec7375c6a7f6a9606ab8d0429f3fbc5b45de02d5f5659a6a95b462879d0b18d931fe3792d48df23","",98412,"archived"
"archive/unclassified/.image-tools-cache/_cacache/content-v2/sha512/32/bb/f8250358550f78c47fa3cd9f6bfa0a3095e37c9afd854e0293f8f23a6f1e42d06f1374d62776ed7ad698368bbba8070c72d8898f307ac938cd8b65e7fb07","",3588297,"archived"
"archive/unclassified/.image-tools-cache/_cacache/content-v2/sha512/35/10/f0f7453b4c5cc019ad77452d336f22ef4ce940b61bd411971ba44394154fd741109278767e1570ffea3f0625561bd2a8a3f0217725ca07a6e0df0b55f599","",82386,"archived"
"archive/unclassified/.image-tools-cache/_cacache/content-v2/sha512/4d/de/faabb8f9ee8fed2d57604bbe3a7180117d2cb193c8847d1c5ec0bf61e0e3336216d6e1301ca69974993e1ecaa5dd761e8bfe3c2833be66a3b8b16bfa4279","",17410,"archived"
"archive/unclassified/.image-tools-cache/_cacache/content-v2/sha512/55/75/5e5364dbc1e89294cd165272201edd50862d64198ad90b54c152ea3e039354aadec72872c728d28f0b8ac46096b1684d1f7e2cc1f34acbb81a584928143d","",57391,"archived"
"archive/unclassified/.image-tools-cache/_cacache/content-v2/sha512/63/bf/ca0ec6fc2e3a28669c1aa86cae94ee8342592c8029dc7211c693eb19218e1206f52870c044147e54af57c8e1d57e26f974c3a723bee71a222e34a6e462a0","",29399,"archived"
"archive/unclassified/.image-tools-cache/_cacache/content-v2/sha512/6a/df/02c2c67ab25f0fac1ced328d37c44d57ef8f4fa6a20995954eb73ec1783637afb3fc7a33737f236813ff71f5b6589c9f953b5ea1bb1efa0a4f44538b7fcc","",97289,"archived"
"archive/unclassified/.image-tools-cache/_cacache/content-v2/sha512/6f/e7/bf2c5a2d12142d0661c24d8330e055bcb97103f13dfd342721745e3fa8ffe788a847d8a646a948c5c9ea5c0401f2c111fcb539b8ca3da03f63ff1d617ea4","",97540,"archived"
"archive/unclassified/.image-tools-cache/_cacache/content-v2/sha512/78/3f/cc4e9b09ee423cec92ef54c38324371e685b8533e42c59c1a43232b8506a74549be0a9b187527eb6cee9850c2b8e48b6ed1be4317edca1b294ed3a8dd0e7","",98805,"archived"
"archive/unclassified/.image-tools-cache/_cacache/content-v2/sha512/7a/e5/80c07e74702b8a9c0dfaf88044c2a95b1b05a604524d9431072f29174649f00f24c4fd9d51841ef237bc4ac006177cb85c805babe6003cec37b58c2ede44","",78944,"archived"
"archive/unclassified/.image-tools-cache/_cacache/content-v2/sha512/8a/6a/0ec8172833f8a252be09e953e908d8cf9e3bcffc692cf79f3df3207c62aa0619898761b3b20ae36ff45321160b5a8871466c75bc6f12aa455e958ed5d385","",8434246,"archived"
"archive/unclassified/.image-tools-cache/_cacache/content-v2/sha512/92/e2/dc3ddad199aa56b170760a3218d317d834a08b888d23e6355054b1fb01cd55be18db0e1c9d2de61da17f09a7909030a1d07f62db52a699d4d0c4248aa93f","",96033,"archived"
"archive/unclassified/.image-tools-cache/_cacache/content-v2/sha512/93/83/c7471a7239ed1cd8c5a8fff4e67de1d2aaa0cc77269fafff34f7fa2a53fb42f6abee424c6253e725e734115f335a5f6b541a58091c163e4c48f732081663","",82090,"archived"
"archive/unclassified/.image-tools-cache/_cacache/content-v2/sha512/99/66/8c74db89a45691bae7ef84fa6d6fd8f78653e3a3d076daa980d3b64d4893b1f517ab05168873e7f684d3c72bf672c3db9eb0ef7aedbc4ee0e979800ed8ab","",68324,"archived"
"archive/unclassified/.image-tools-cache/_cacache/content-v2/sha512/9d/2d/62673c7a84814de90152a3bafef2042cac06b33294d9746e0cf39d0bb41164adca5938277f46dacc50f0e85486b560900eb315d1696bf6c0fa3971d87955","",98419,"archived"
"archive/unclassified/.image-tools-cache/_cacache/content-v2/sha512/a0/91/6ef781d06fe29576e49440bef09e99aa9df98bb0e03f9c087a6fa107d30084a0ad3f98f79753a737c0a0d5f373243ae1cf447b525ca294f7d2016b34bfdb","",18477,"archived"
"archive/unclassified/.image-tools-cache/_cacache/content-v2/sha512/aa/92/12841fe23eb6a60cea8919df938c7816cb3926789739bb8fe2b7ea2a3290e8913b4dcd3323bd8664ab7301e07c81126b60ca42bc66159d59281541a36930","",97509,"archived"
"archive/unclassified/.image-tools-cache/_cacache/content-v2/sha512/b9/83/7f7a38d3dbed025e637245026e1442fe9a130e6cb99f7c64c8bf5f44ed793d4428ad151709b941f8bb99061e6ea25de829bcacb430b8906c56becbe0a090","",39355,"archived"
"archive/unclassified/.image-tools-cache/_cacache/content-v2/sha512/be/08/fb477cb75a0c76e0841a18f03f47a6055cb1d530e674b951322103da5acfab7750337c43179400b6d856303b55e4291e8d3ecabb9946a7747f2821175917","",67772,"archived"
"archive/unclassified/.image-tools-cache/_cacache/content-v2/sha512/c2/b1/679dfb95205486a28a3815b5488a77015518825824d0ddfcd2fd9dafda43e175039430d19649be1aefd386a3e3ad41f4274ab766c0a77ca11bda6676fa78","",61920,"archived"
"archive/unclassified/.image-tools-cache/_cacache/content-v2/sha512/c5/37/daa66f1ff8ac88e69f805982bce1272688b74096e9ccefe2a76a3fea14ad94d81745d29d5f562e91b1d624c0485cd1cf34f21f5f1e28a5fcb813c1a751bf","",108843,"archived"
"archive/unclassified/.image-tools-cache/_cacache/content-v2/sha512/cb/13/02b0c2aa7db22490b33ff1c33f1ab4c9f133521e8667b6b0ceb7c7563bf96a55250b6d45c2e67edff4eebf06bfe18af1591c175f67858c464586777a14bd","",86231,"archived"
"archive/unclassified/.image-tools-cache/_cacache/content-v2/sha512/cf/ab/34096a1368ca4f727ab3af8422461652df5fc2f5a91d6855b46e05f304a5fb7bb27683d12e46ff3962f0b44933a1968f5015884af3660f6ded95bcdeb096","",83271,"archived"
"archive/unclassified/.image-tools-cache/_cacache/content-v2/sha512/d2/1d/417c9b51eabf5bd62cbc88abe678fd2e982f62cf9b5e398b41d8d5615088948894937306065c3e34fb075405f8c888a223751ef48e65fe727e8fac6c28e6","",9701,"archived"
"archive/unclassified/.image-tools-cache/_cacache/content-v2/sha512/d7/ca/69331753e61e9dd74bbc1c10587988f76d98890528a9a1b38fb779ad908ea9a346d2de9a767672d6233eda0304fc30e128e0f3ae4ffe12ee2aab9b639c09","",77293,"archived"
"archive/unclassified/.image-tools-cache/_cacache/content-v2/sha512/d8/ec/0ed5fa74b0218809929d0f91a677cded367d4e517d93a3670916f05aa32bb3aae413373f25477199597ef2c0f7704eaab9db327abd76fa9a8de35915d8d6","",36144,"archived"
"archive/unclassified/.image-tools-cache/_cacache/content-v2/sha512/e7/06/d3a9c3f55be45aff6bc6c1f0e3254402e5fc3c2b8171a07a70b10f6f59bf58f6487889583aadb9827cb3e670e5d7a964241826aa09dcc66cee38bf77fbf1","",1172164,"archived"
"archive/unclassified/.image-tools-cache/_cacache/content-v2/sha512/e8/85/ba9d5359fa08a5a173a25e74bd51dbec388ed1eadecd8aa89b04ecb7bff1113bc18afdf6865a32e967f642133cec4e328f19d265858369912aa9306e0ff6","",95183,"archived"
"archive/unclassified/.image-tools-cache/_cacache/content-v2/sha512/ec/f6/7f5ee0054ea905eabc8b1aee46d4f6117e99404ac690e8eac04987111949d233a880f64549c6a64d6bb4def63d9ae94819b269711c232825faf435207dec","",96501,"archived"
"archive/unclassified/.image-tools-cache/_cacache/content-v2/sha512/f3/c1/f2bd28654d72380bfaefbcd2b4e70b06b98cbd14f7dd4e5ac56e189c04d0d7d1a74316d57c0e965c9fb140ead0ba0e9991eacc3be4e3520bd0dcee8952c8","",93299,"archived"
"archive/unclassified/.image-tools-cache/_cacache/content-v2/sha512/f5/39/45fc807f045ba32d191474772fd72340616698608c5756f54c16f579cc735a0dbdb6390bb03f123ba3816c0974d01359408e434ae62c26a509dffb86d33a","",246125,"archived"
"archive/unclassified/.image-tools-cache/_cacache/content-v2/sha512/f6/f2/400a04b2ac47d6b819a14f78ffd242ce1ff6a1904d627db35e7ff2708b7c93dd2de3e5a63cd97c7daf966901eb656596d540943d592c7e9ce281454a6410","",79361,"archived"
"archive/unclassified/.image-tools-cache/_cacache/content-v2/sha512/fb/a5/c4b5a55b1acb6ce96cdadf9e28b1003f69c1829235601a8e3670bca2e01f430f8275a30281ba14811c1acd22e4a0dcf4600e64a65f04088dc5b5ce2ba9a5","",99717,"archived"
"archive/unclassified/.image-tools-cache/_cacache/content-v2/sha512/fc/5d/0449bdf1a59185fc292bc3df8dea9893ee84c93b5e8ec49988b2c325c35d711612c530c0885afa605446912713cf7b475e595fb90e8e061c32eb633be11c","",54482,"archived"
"archive/unclassified/.image-tools-cache/_cacache/content-v2/sha512/fe/0f/924e9a9e5898898123d8c9479ad3ac92e0b9ce0bda17dafee9385247c57922502b9dad0bc46d37fda8cecd7d7b8ea6c570ec4197b034372cac34f70ad5f5","",79799,"archived"
"archive/unclassified/.image-tools-cache/_cacache/index-v5/00/43/a0ead520e951af86b0b40b3df8be3134fff253466b80c30a550f951731d6","",721,"archived"
"archive/unclassified/.image-tools-cache/_cacache/index-v5/08/a6/521cef516f9e0b5e4ce99282650a4fbca19fd04a8ec1ecb1e0b0ef39d6c5","",729,"archived"
"archive/unclassified/.image-tools-cache/_cacache/index-v5/14/a1/a5a7642e43153dcca40946d6ed114d4d31e8bb77d300f1e1a4668becee8a","",723,"archived"
"archive/unclassified/.image-tools-cache/_cacache/index-v5/20/90/fa773912ce228d5ed8f3fad5ecd4631cf03568b3555a89fe2625f802ede7","",732,"archived"
"archive/unclassified/.image-tools-cache/_cacache/index-v5/23/98/cf9d2c7d36d6b29d1eee8ffad394cc12d0afe8507fc853a9b3f5a95b1137","",687,"archived"
"archive/unclassified/.image-tools-cache/_cacache/index-v5/26/3c/87de74786d807a230a6db3ce121b6747b6619c10b96e0acf0a3b7c4f6433","",716,"archived"
"archive/unclassified/.image-tools-cache/_cacache/index-v5/26/53/eb6f1082a41ac955362feab31a32f15571f5b09ce2082db5be486b750454","",737,"archived"
"archive/unclassified/.image-tools-cache/_cacache/index-v5/2a/62/d0d3541f4fc436104dd14b9f829fbc312a2e53a1c4f71791b0cf5c859f2c","",741,"archived"
"archive/unclassified/.image-tools-cache/_cacache/index-v5/2d/80/c67dc54dec16de4031889ad9ecfa1a49a8eea7250630aef3ed75d975a3be","",744,"archived"
"archive/unclassified/.image-tools-cache/_cacache/index-v5/33/27/426628816355d4289c047bf4cbcbfe0218b8c849527da481e28ea9cc6179","",731,"archived"
"archive/unclassified/.image-tools-cache/_cacache/index-v5/37/fa/2b5671ab311a0a6535b0d32c8404d9325fa5ce38827ac03e9e4680f1db01","",743,"archived"
"archive/unclassified/.image-tools-cache/_cacache/index-v5/3b/ea/f7a2731b07154d20cd47a333ee059536042d217b36db8af86d41e8dacd05","",1430,"archived"
"archive/unclassified/.image-tools-cache/_cacache/index-v5/3f/bd/b35aa26fd53c39287596a93949ad69fc2a94fe33b5998605d9f1507cca37","",688,"archived"
"archive/unclassified/.image-tools-cache/_cacache/index-v5/44/b0/79f421ad4e7e7b67c4b8bfb2d8f046a60ef531f26d64a980907323aa61f3","",737,"archived"
"archive/unclassified/.image-tools-cache/_cacache/index-v5/52/ee/696cef60a8ac3fd8982ca350e9d8943578f2ad0ea2e8434665f71f4200ac","",704,"archived"
"archive/unclassified/.image-tools-cache/_cacache/index-v5/55/9f/6dec9fd627e4603c9e83170545185bd3f77cf37c53cd2b222351213f09f8","",741,"archived"
"archive/unclassified/.image-tools-cache/_cacache/index-v5/58/53/3547360701ba611d524ad8352e9692354308d04a95951b3d152c02e6ff16","",749,"archived"
"archive/unclassified/.image-tools-cache/_cacache/index-v5/66/61/0da7e0da899fb53831b2e9c4210493a56b6c00f8c5b822ef332b6480b041","",745,"archived"
"archive/unclassified/.image-tools-cache/_cacache/index-v5/67/1d/177915af205cec0c39943d83e2bdc59bc87c72ac1c6eaefc30d7cbef7288","",699,"archived"
"archive/unclassified/.image-tools-cache/_cacache/index-v5/67/5f/28c12321d8b73cabed8e5f6d334222738f3757d989855c298742f545c38d","",690,"archived"
"archive/unclassified/.image-tools-cache/_cacache/index-v5/68/dc/457084410eaba779a592b28ca319f5cc8e7c148d18a957d2d32e0fa32216","",745,"archived"
"archive/unclassified/.image-tools-cache/_cacache/index-v5/6a/da/2efc90b8fcfb26a3b4e3e13e9484a61d7e500c7a0528fcb3127902b3d5fd","",725,"archived"
"archive/unclassified/.image-tools-cache/_cacache/index-v5/71/67/da47e4ce18ac6be7ddd36cc1ea4213fc0c3257caf4f33fe6f42f52117be9","",723,"archived"
"archive/unclassified/.image-tools-cache/_cacache/index-v5/80/b8/d0499a46d0be0e0da3683c6801408a5a9943022610b91438a6289ae62534","",739,"archived"
"archive/unclassified/.image-tools-cache/_cacache/index-v5/81/5b/a85b875fa26b70450ff68626d9079711ecbc493d1ee63596e6b9324450c5","",727,"archived"
"archive/unclassified/.image-tools-cache/_cacache/index-v5/8d/b3/63d81c0dbe3f1f838065e193af4b69922816127f958735517701db92f877","",712,"archived"
"archive/unclassified/.image-tools-cache/_cacache/index-v5/9e/fc/227055497beea54894f774d60fd9debf4a0ad2307183acfaa24b386ca7e6","",702,"archived"
"archive/unclassified/.image-tools-cache/_cacache/index-v5/a0/bc/642e34835792ba454ff5070a04c0bee4607c0b543f7d4df77df576ee2f7f","",729,"archived"
"archive/unclassified/.image-tools-cache/_cacache/index-v5/a5/42/e58a240f7a1b156aa7b4c5145722ca5054ef8ba5b3d6d7fe41c4811b9b12","",707,"archived"
"archive/unclassified/.image-tools-cache/_cacache/index-v5/ab/51/42dc531dbadf2431330052297273be20a0c6da7812c4dd5bb3daf1b15dfc","",733,"archived"
"archive/unclassified/.image-tools-cache/_cacache/index-v5/b0/d0/f060343fa36a39f9b560f4f10c0a6d7073e85eb6a7e1f94c28c6b5871dfc","",721,"archived"
"archive/unclassified/.image-tools-cache/_cacache/index-v5/b6/63/238807144536cb82d714f2a1374ef3c3a03fbbfd4fa234ff083114a25f63","",684,"archived"
"archive/unclassified/.image-tools-cache/_cacache/index-v5/b7/40/0b6193e92aa3dc34341e77bd25732d43f70b6eea4943ccb95e918cb6b9b9","",689,"archived"
"archive/unclassified/.image-tools-cache/_cacache/index-v5/b9/9c/ea5cdb63660adbf050ed50cae1a6a59443a7a061f98449e7ee7cfe80b54f","",741,"archived"
"archive/unclassified/.image-tools-cache/_cacache/index-v5/c2/36/cc8c096d658008e7a59aa140f2ca517b820b79ed28e89b6167062b12ec17","",725,"archived"
"archive/unclassified/.image-tools-cache/_cacache/index-v5/c3/6e/b24c96c19c4711df1ab9b8b2c418d869eabf513aeb2c784937b801af8c1b","",725,"archived"
"archive/unclassified/.image-tools-cache/_cacache/index-v5/c7/16/23653243e29b5b7e426af3b6744e051e7a82e3ff89c6972b58c67e555229","",725,"archived"
"archive/unclassified/.image-tools-cache/_cacache/index-v5/f0/f1/dd95d28db07d44e156349ea2b3cdd4b713a0ef178735754bd75e47df130b","",721,"archived"
"archive/unclassified/.image-tools-cache/_cacache/index-v5/f6/76/489ca504687e013975b4b4dbbfa6d2e7f6ca544d8b29231bdb562442686f","",743,"archived"
"archive/unclassified/.image-tools-cache/_cacache/index-v5/f8/41/5dac66057141ab7e227a32067f60d10f7473ffe35eca6806d650a750aaa4","",688,"archived"
"archive/unclassified/.image-tools-cache/_logs/2026-06-25T01_27_59_584Z-debug-0.log",".log",4114,"archived"
"archive/unclassified/.image-tools-cache/_logs/2026-06-25T01_50_04_438Z-debug-0.log",".log",29235,"archived"
"archive/unclassified/.image-tools-cache/_update-notifier-last-checked","",0,"archived"
"archive/unclassified/.tmp-chrome-profile/BrowserMetrics/BrowserMetrics-6A4DB414-5C44.pma",".pma",4194304,"archived"
"archive/unclassified/.tmp-chrome-profile/Crashpad/metadata","",114,"archived"
"archive/unclassified/.tmp-chrome-profile/Crashpad/reports/5564b14f-36fa-40f8-bf2e-5f54ea6f1bdd.dmp",".dmp",1292960,"archived"
"archive/unclassified/.tmp-chrome-profile/Crashpad/settings.dat",".dat",40,"archived"
"archive/unclassified/.tmp-chrome-profile/CrashpadMetrics-active.pma",".pma",1048576,"archived"
"archive/unclassified/.tmp-chrome-profile/Default/Affiliation Database","",12288,"archived"
"archive/unclassified/.tmp-chrome-profile/Default/Affiliation Database-journal","",4616,"archived"
"archive/unclassified/.tmp-chrome-profile/Default/Cache/Cache_Data/data_0","",8192,"archived"
"archive/unclassified/.tmp-chrome-profile/Default/Cache/Cache_Data/data_1","",270336,"archived"
"archive/unclassified/.tmp-chrome-profile/Default/Cache/Cache_Data/data_2","",8192,"archived"
"archive/unclassified/.tmp-chrome-profile/Default/Cache/Cache_Data/data_3","",8192,"archived"
"archive/unclassified/.tmp-chrome-profile/Default/Cache/Cache_Data/index","",262512,"archived"
"archive/unclassified/.tmp-chrome-profile/Default/ClientCertificates/LOCK","",0,"archived"
"archive/unclassified/.tmp-chrome-profile/Default/ClientCertificates/LOG","",0,"archived"
"archive/unclassified/.tmp-chrome-profile/Default/Code Cache/js/index","",24,"archived"
"archive/unclassified/.tmp-chrome-profile/Default/Code Cache/js/index-dir/the-real-index","",48,"archived"
"archive/unclassified/.tmp-chrome-profile/Default/Code Cache/wasm/index","",24,"archived"
"archive/unclassified/.tmp-chrome-profile/Default/Code Cache/wasm/index-dir/the-real-index","",48,"archived"
"archive/unclassified/.tmp-chrome-profile/Default/commerce_subscription_db/LOCK","",0,"archived"
"archive/unclassified/.tmp-chrome-profile/Default/commerce_subscription_db/LOG","",0,"archived"
"archive/unclassified/.tmp-chrome-profile/Default/DawnGraphiteCache/data_0","",8192,"archived"
"archive/unclassified/.tmp-chrome-profile/Default/DawnGraphiteCache/data_1","",270336,"archived"
"archive/unclassified/.tmp-chrome-profile/Default/DawnGraphiteCache/data_2","",8192,"archived"
"archive/unclassified/.tmp-chrome-profile/Default/DawnGraphiteCache/data_3","",8192,"archived"
"archive/unclassified/.tmp-chrome-profile/Default/DawnGraphiteCache/index","",262512,"archived"
"archive/unclassified/.tmp-chrome-profile/Default/DawnWebGPUCache/data_0","",8192,"archived"
"archive/unclassified/.tmp-chrome-profile/Default/DawnWebGPUCache/data_1","",270336,"archived"
"archive/unclassified/.tmp-chrome-profile/Default/DawnWebGPUCache/data_2","",8192,"archived"
"archive/unclassified/.tmp-chrome-profile/Default/DawnWebGPUCache/data_3","",8192,"archived"
"archive/unclassified/.tmp-chrome-profile/Default/DawnWebGPUCache/index","",262512,"archived"
"archive/unclassified/.tmp-chrome-profile/Default/discounts_db/LOCK","",0,"archived"
"archive/unclassified/.tmp-chrome-profile/Default/discounts_db/LOG","",0,"archived"
"archive/unclassified/.tmp-chrome-profile/Default/Extension Rules/000003.log",".log",19,"archived"
"archive/unclassified/.tmp-chrome-profile/Default/Extension Rules/CURRENT","",16,"archived"
"archive/unclassified/.tmp-chrome-profile/Default/Extension Rules/LOCK","",0,"archived"
"archive/unclassified/.tmp-chrome-profile/Default/Extension Rules/LOG","",381,"archived"
"archive/unclassified/.tmp-chrome-profile/Default/Extension Rules/MANIFEST-000001","",41,"archived"
"archive/unclassified/.tmp-chrome-profile/Default/Extension Scripts/000001.dbtmp",".dbtmp",16,"archived"
"archive/unclassified/.tmp-chrome-profile/Default/Extension Scripts/LOCK","",0,"archived"
"archive/unclassified/.tmp-chrome-profile/Default/Extension Scripts/LOG","",193,"archived"
"archive/unclassified/.tmp-chrome-profile/Default/Extension Scripts/MANIFEST-000001","",41,"archived"
"archive/unclassified/.tmp-chrome-profile/Default/Favicons","",0,"archived"
"archive/unclassified/.tmp-chrome-profile/Default/Favicons-journal","",512,"archived"
"archive/unclassified/.tmp-chrome-profile/Default/GPUCache/data_0","",8192,"archived"
"archive/unclassified/.tmp-chrome-profile/Default/GPUCache/data_1","",270336,"archived"
"archive/unclassified/.tmp-chrome-profile/Default/GPUCache/data_2","",8192,"archived"
"archive/unclassified/.tmp-chrome-profile/Default/GPUCache/data_3","",8192,"archived"
"archive/unclassified/.tmp-chrome-profile/Default/GPUCache/index","",262512,"archived"
"archive/unclassified/.tmp-chrome-profile/Default/heavy_ad_intervention_opt_out.db",".db",0,"archived"
"archive/unclassified/.tmp-chrome-profile/Default/heavy_ad_intervention_opt_out.db-journal",".db-journal",512,"archived"
"archive/unclassified/.tmp-chrome-profile/Default/History","",163840,"archived"
"archive/unclassified/.tmp-chrome-profile/Default/History-journal","",0,"archived"
"archive/unclassified/.tmp-chrome-profile/Default/LOCK","",0,"archived"
"archive/unclassified/.tmp-chrome-profile/Default/LOG","",0,"archived"
"archive/unclassified/.tmp-chrome-profile/Default/Login Data","",40960,"archived"
"archive/unclassified/.tmp-chrome-profile/Default/Login Data For Account","",40960,"archived"
"archive/unclassified/.tmp-chrome-profile/Default/Login Data For Account-journal","",0,"archived"
"archive/unclassified/.tmp-chrome-profile/Default/Login Data-journal","",0,"archived"
"archive/unclassified/.tmp-chrome-profile/Default/Network/Cookies","",20480,"archived"
"archive/unclassified/.tmp-chrome-profile/Default/Network/Cookies-journal","",0,"archived"
"archive/unclassified/.tmp-chrome-profile/Default/Network/NetworkDataMigrated","",0,"archived"
"archive/unclassified/.tmp-chrome-profile/Default/Network/Trust Tokens","",36864,"archived"
"archive/unclassified/.tmp-chrome-profile/Default/Network/Trust Tokens-journal","",0,"archived"
"archive/unclassified/.tmp-chrome-profile/Default/parcel_tracking_db/LOCK","",0,"archived"
"archive/unclassified/.tmp-chrome-profile/Default/parcel_tracking_db/LOG","",0,"archived"
"archive/unclassified/.tmp-chrome-profile/Default/PersistentOriginTrials/LOCK","",0,"archived"
"archive/unclassified/.tmp-chrome-profile/Default/PersistentOriginTrials/LOG","",0,"archived"
"archive/unclassified/.tmp-chrome-profile/Default/README","",180,"archived"
"archive/unclassified/.tmp-chrome-profile/Default/Safe Browsing Network/NetworkDataMigrated","",0,"archived"
"archive/unclassified/.tmp-chrome-profile/Default/Safe Browsing Network/Safe Browsing Cookies","",20480,"archived"
"archive/unclassified/.tmp-chrome-profile/Default/Safe Browsing Network/Safe Browsing Cookies-journal","",0,"archived"
"archive/unclassified/.tmp-chrome-profile/Default/Segmentation Platform/SegmentInfoDB/LOCK","",0,"archived"
"archive/unclassified/.tmp-chrome-profile/Default/Segmentation Platform/SegmentInfoDB/LOG","",0,"archived"
"archive/unclassified/.tmp-chrome-profile/Default/Segmentation Platform/SignalDB/LOCK","",0,"archived"
"archive/unclassified/.tmp-chrome-profile/Default/Segmentation Platform/SignalDB/LOG","",0,"archived"
"archive/unclassified/.tmp-chrome-profile/Default/Segmentation Platform/SignalStorageConfigDB/LOCK","",0,"archived"
"archive/unclassified/.tmp-chrome-profile/Default/Segmentation Platform/SignalStorageConfigDB/LOG","",0,"archived"
"archive/unclassified/.tmp-chrome-profile/Default/Shared Dictionary/cache/index","",24,"archived"
"archive/unclassified/.tmp-chrome-profile/Default/Shared Dictionary/cache/index-dir/the-real-index","",48,"archived"
"archive/unclassified/.tmp-chrome-profile/Default/Shared Dictionary/db","",45056,"archived"
"archive/unclassified/.tmp-chrome-profile/Default/Shared Dictionary/db-journal","",0,"archived"
"archive/unclassified/.tmp-chrome-profile/Default/shared_proto_db/metadata/000003.log",".log",34,"archived"
"archive/unclassified/.tmp-chrome-profile/Default/shared_proto_db/metadata/CURRENT","",16,"archived"
"archive/unclassified/.tmp-chrome-profile/Default/shared_proto_db/metadata/LOCK","",0,"archived"
"archive/unclassified/.tmp-chrome-profile/Default/shared_proto_db/metadata/LOG","",399,"archived"
"archive/unclassified/.tmp-chrome-profile/Default/shared_proto_db/metadata/MANIFEST-000001","",41,"archived"
"archive/unclassified/.tmp-chrome-profile/Default/Site Characteristics Database/000003.log",".log",40,"archived"
"archive/unclassified/.tmp-chrome-profile/Default/Site Characteristics Database/CURRENT","",16,"archived"
"archive/unclassified/.tmp-chrome-profile/Default/Site Characteristics Database/LOCK","",0,"archived"
"archive/unclassified/.tmp-chrome-profile/Default/Site Characteristics Database/LOG","",409,"archived"
"archive/unclassified/.tmp-chrome-profile/Default/Site Characteristics Database/MANIFEST-000001","",41,"archived"
"archive/unclassified/.tmp-chrome-profile/Default/Sync Data/LevelDB/000003.log",".log",65,"archived"
"archive/unclassified/.tmp-chrome-profile/Default/Sync Data/LevelDB/CURRENT","",16,"archived"
"archive/unclassified/.tmp-chrome-profile/Default/Sync Data/LevelDB/LOCK","",0,"archived"
"archive/unclassified/.tmp-chrome-profile/Default/Sync Data/LevelDB/LOG","",385,"archived"
"archive/unclassified/.tmp-chrome-profile/Default/Sync Data/LevelDB/MANIFEST-000001","",41,"archived"
"archive/unclassified/.tmp-chrome-profile/Default/Top Sites","",20480,"archived"
"archive/unclassified/.tmp-chrome-profile/Default/Top Sites-journal","",0,"archived"
"archive/unclassified/.tmp-chrome-profile/Default/Web Data","",6144,"archived"
"archive/unclassified/.tmp-chrome-profile/Default/Web Data-journal","",3584,"archived"
"archive/unclassified/.tmp-chrome-profile/Default/WebStorage/QuotaManager","",4096,"archived"
"archive/unclassified/.tmp-chrome-profile/Default/WebStorage/QuotaManager-journal","",512,"archived"
"archive/unclassified/.tmp-chrome-profile/Last Version","",14,"archived"
"archive/unclassified/.tmp-chrome-profile/Local State","",1171,"archived"
"archive/unclassified/.tmp-chrome-profile/segmentation_platform/ukm_db","",16384,"archived"
"archive/unclassified/.tmp-chrome-profile/segmentation_platform/ukm_db-journal","",0,"archived"
"archive/unclassified/.tmp-chrome-profile/ShaderCache/data_0","",8192,"archived"
"archive/unclassified/.tmp-chrome-profile/ShaderCache/data_1","",270336,"archived"
"archive/unclassified/.tmp-chrome-profile/ShaderCache/data_2","",8192,"archived"
"archive/unclassified/.tmp-chrome-profile/ShaderCache/data_3","",8192,"archived"
"archive/unclassified/.tmp-chrome-profile/ShaderCache/index","",262512,"archived"
"archive/unclassified/.tmp-chrome-profile/Variations","",86,"archived"
"archive/unclassified/.tmp-chrome-profile2/Crashpad/metadata","",0,"archived"
"archive/unclassified/.tmp-chrome-profile2/Crashpad/settings.dat",".dat",40,"archived"
"archive/unclassified/.tmp-chrome-profile2/CrashpadMetrics-active.pma",".pma",1048576,"archived"
"archive/unclassified/.tmp-chrome-profile2/Default/chrome_debug.log",".log",0,"archived"
"archive/unclassified/.tmp-chrome-profile2/Default/Code Cache/js/index","",24,"archived"
"archive/unclassified/.tmp-chrome-profile2/Default/Code Cache/js/index-dir/the-real-index","",48,"archived"
"archive/unclassified/.tmp-chrome-profile2/Default/Code Cache/wasm/index","",24,"archived"
"archive/unclassified/.tmp-chrome-profile2/Default/Code Cache/wasm/index-dir/the-real-index","",48,"archived"
"archive/unclassified/.tmp-chrome-profile2/Default/DawnGraphiteCache/data_0","",8192,"archived"
"archive/unclassified/.tmp-chrome-profile2/Default/DawnGraphiteCache/data_1","",270336,"archived"
"archive/unclassified/.tmp-chrome-profile2/Default/DawnGraphiteCache/data_2","",8192,"archived"
"archive/unclassified/.tmp-chrome-profile2/Default/DawnGraphiteCache/data_3","",8192,"archived"
"archive/unclassified/.tmp-chrome-profile2/Default/DawnGraphiteCache/index","",262512,"archived"
"archive/unclassified/.tmp-chrome-profile2/Default/DawnWebGPUCache/data_0","",8192,"archived"
"archive/unclassified/.tmp-chrome-profile2/Default/DawnWebGPUCache/data_1","",270336,"archived"
"archive/unclassified/.tmp-chrome-profile2/Default/DawnWebGPUCache/data_2","",8192,"archived"
"archive/unclassified/.tmp-chrome-profile2/Default/DawnWebGPUCache/data_3","",8192,"archived"
"archive/unclassified/.tmp-chrome-profile2/Default/DawnWebGPUCache/index","",262512,"archived"
"archive/unclassified/.tmp-chrome-profile2/Default/GPUCache/data_0","",8192,"archived"
"archive/unclassified/.tmp-chrome-profile2/Default/GPUCache/data_1","",270336,"archived"
"archive/unclassified/.tmp-chrome-profile2/Default/GPUCache/data_2","",8192,"archived"
"archive/unclassified/.tmp-chrome-profile2/Default/GPUCache/data_3","",8192,"archived"
"archive/unclassified/.tmp-chrome-profile2/Default/GPUCache/index","",262512,"archived"
"archive/unclassified/.tmp-chrome-profile2/Default/Local Storage/leveldb/000003.log",".log",0,"archived"
"archive/unclassified/.tmp-chrome-profile2/Default/Local Storage/leveldb/CURRENT","",16,"archived"
"archive/unclassified/.tmp-chrome-profile2/Default/Local Storage/leveldb/LOCK","",0,"archived"
"archive/unclassified/.tmp-chrome-profile2/Default/Local Storage/leveldb/LOG","",395,"archived"
"archive/unclassified/.tmp-chrome-profile2/Default/Local Storage/leveldb/MANIFEST-000001","",41,"archived"
"archive/unclassified/.tmp-chrome-profile2/Default/Network/NetworkDataMigrated","",0,"archived"
"archive/unclassified/.tmp-chrome-profile2/Default/PersistentOriginTrials/LOCK","",0,"archived"
"archive/unclassified/.tmp-chrome-profile2/Default/PersistentOriginTrials/LOG","",0,"archived"
"archive/unclassified/.tmp-chrome-profile2/Default/Session Storage/000003.log",".log",0,"archived"
"archive/unclassified/.tmp-chrome-profile2/Default/Session Storage/CURRENT","",16,"archived"
"archive/unclassified/.tmp-chrome-profile2/Default/Session Storage/LOCK","",0,"archived"
"archive/unclassified/.tmp-chrome-profile2/Default/Session Storage/LOG","",383,"archived"
"archive/unclassified/.tmp-chrome-profile2/Default/Session Storage/MANIFEST-000001","",41,"archived"
"archive/unclassified/.tmp-chrome-profile2/Default/Shared Dictionary/cache/index","",24,"archived"
"archive/unclassified/.tmp-chrome-profile2/Default/Shared Dictionary/cache/index-dir/the-real-index","",48,"archived"
"archive/unclassified/.tmp-chrome-profile2/Default/Shared Dictionary/db","",45056,"archived"
"archive/unclassified/.tmp-chrome-profile2/Default/Shared Dictionary/db-journal","",0,"archived"
"archive/unclassified/.tmp-chrome-profile2/Default/shared_proto_db/000003.log",".log",0,"archived"
"archive/unclassified/.tmp-chrome-profile2/Default/shared_proto_db/CURRENT","",16,"archived"
"archive/unclassified/.tmp-chrome-profile2/Default/shared_proto_db/LOCK","",0,"archived"
"archive/unclassified/.tmp-chrome-profile2/Default/shared_proto_db/LOG","",381,"archived"
"archive/unclassified/.tmp-chrome-profile2/Default/shared_proto_db/MANIFEST-000001","",41,"archived"
"archive/unclassified/.tmp-chrome-profile2/Default/shared_proto_db/metadata/000003.log",".log",126,"archived"
"archive/unclassified/.tmp-chrome-profile2/Default/shared_proto_db/metadata/CURRENT","",16,"archived"
"archive/unclassified/.tmp-chrome-profile2/Default/shared_proto_db/metadata/LOCK","",0,"archived"
"archive/unclassified/.tmp-chrome-profile2/Default/shared_proto_db/metadata/LOG","",399,"archived"
"archive/unclassified/.tmp-chrome-profile2/Default/shared_proto_db/metadata/MANIFEST-000001","",41,"archived"
"archive/unclassified/.tmp-chrome-profile3/Crashpad/metadata","",0,"archived"
"archive/unclassified/.tmp-chrome-profile3/Crashpad/settings.dat",".dat",40,"archived"
"archive/unclassified/.tmp-chrome-profile3/CrashpadMetrics-active.pma",".pma",1048576,"archived"
"archive/unclassified/.tmp-chrome-webp-profile-61d3d78d93094259a6489773ae29b84e/Crashpad/metadata","",0,"archived"
"archive/unclassified/.tmp-chrome-webp-profile-61d3d78d93094259a6489773ae29b84e/Crashpad/settings.dat",".dat",40,"archived"
"archive/unclassified/.tmp-chrome-webp-profile-61d3d78d93094259a6489773ae29b84e/CrashpadMetrics-active.pma",".pma",1048576,"archived"
"archive/unclassified/.tmp-chrome-webp-profile-61d3d78d93094259a6489773ae29b84e/Default/chrome_debug.log",".log",0,"archived"
"archive/unclassified/.tmp-chrome-webp-profile-61d3d78d93094259a6489773ae29b84e/Default/Code Cache/js/index","",24,"archived"
"archive/unclassified/.tmp-chrome-webp-profile-61d3d78d93094259a6489773ae29b84e/Default/Code Cache/js/index-dir/the-real-index","",48,"archived"
"archive/unclassified/.tmp-chrome-webp-profile-61d3d78d93094259a6489773ae29b84e/Default/Code Cache/wasm/index","",24,"archived"
"archive/unclassified/.tmp-chrome-webp-profile-61d3d78d93094259a6489773ae29b84e/Default/Code Cache/wasm/index-dir/the-real-index","",48,"archived"
"archive/unclassified/.tmp-chrome-webp-profile-61d3d78d93094259a6489773ae29b84e/Default/DawnGraphiteCache/data_0","",8192,"archived"
"archive/unclassified/.tmp-chrome-webp-profile-61d3d78d93094259a6489773ae29b84e/Default/DawnGraphiteCache/data_1","",270336,"archived"
"archive/unclassified/.tmp-chrome-webp-profile-61d3d78d93094259a6489773ae29b84e/Default/DawnGraphiteCache/data_2","",8192,"archived"
"archive/unclassified/.tmp-chrome-webp-profile-61d3d78d93094259a6489773ae29b84e/Default/DawnGraphiteCache/data_3","",8192,"archived"
"archive/unclassified/.tmp-chrome-webp-profile-61d3d78d93094259a6489773ae29b84e/Default/DawnGraphiteCache/index","",262512,"archived"
"archive/unclassified/.tmp-chrome-webp-profile-61d3d78d93094259a6489773ae29b84e/Default/DawnWebGPUCache/data_0","",8192,"archived"
"archive/unclassified/.tmp-chrome-webp-profile-61d3d78d93094259a6489773ae29b84e/Default/DawnWebGPUCache/data_1","",270336,"archived"
"archive/unclassified/.tmp-chrome-webp-profile-61d3d78d93094259a6489773ae29b84e/Default/DawnWebGPUCache/data_2","",8192,"archived"
"archive/unclassified/.tmp-chrome-webp-profile-61d3d78d93094259a6489773ae29b84e/Default/DawnWebGPUCache/data_3","",8192,"archived"
"archive/unclassified/.tmp-chrome-webp-profile-61d3d78d93094259a6489773ae29b84e/Default/DawnWebGPUCache/index","",262512,"archived"
"archive/unclassified/.tmp-chrome-webp-profile-61d3d78d93094259a6489773ae29b84e/Default/GPUCache/data_0","",8192,"archived"
"archive/unclassified/.tmp-chrome-webp-profile-61d3d78d93094259a6489773ae29b84e/Default/GPUCache/data_1","",270336,"archived"
"archive/unclassified/.tmp-chrome-webp-profile-61d3d78d93094259a6489773ae29b84e/Default/GPUCache/data_2","",8192,"archived"
"archive/unclassified/.tmp-chrome-webp-profile-61d3d78d93094259a6489773ae29b84e/Default/GPUCache/data_3","",8192,"archived"
"archive/unclassified/.tmp-chrome-webp-profile-61d3d78d93094259a6489773ae29b84e/Default/GPUCache/index","",262512,"archived"
"archive/unclassified/.tmp-chrome-webp-profile-61d3d78d93094259a6489773ae29b84e/Default/Local Storage/leveldb/000003.log",".log",0,"archived"
"archive/unclassified/.tmp-chrome-webp-profile-61d3d78d93094259a6489773ae29b84e/Default/Local Storage/leveldb/CURRENT","",16,"archived"
"archive/unclassified/.tmp-chrome-webp-profile-61d3d78d93094259a6489773ae29b84e/Default/Local Storage/leveldb/LOCK","",0,"archived"
"archive/unclassified/.tmp-chrome-webp-profile-61d3d78d93094259a6489773ae29b84e/Default/Local Storage/leveldb/LOG","",469,"archived"
"archive/unclassified/.tmp-chrome-webp-profile-61d3d78d93094259a6489773ae29b84e/Default/Local Storage/leveldb/MANIFEST-000001","",41,"archived"
"archive/unclassified/.tmp-chrome-webp-profile-61d3d78d93094259a6489773ae29b84e/Default/Network/NetworkDataMigrated","",0,"archived"
"archive/unclassified/.tmp-chrome-webp-profile-61d3d78d93094259a6489773ae29b84e/Default/PersistentOriginTrials/LOCK","",0,"archived"
"archive/unclassified/.tmp-chrome-webp-profile-61d3d78d93094259a6489773ae29b84e/Default/PersistentOriginTrials/LOG","",0,"archived"
"archive/unclassified/.tmp-chrome-webp-profile-61d3d78d93094259a6489773ae29b84e/Default/Shared Dictionary/cache/index","",24,"archived"
"archive/unclassified/.tmp-chrome-webp-profile-61d3d78d93094259a6489773ae29b84e/Default/Shared Dictionary/cache/index-dir/the-real-index","",48,"archived"
"archive/unclassified/.tmp-chrome-webp-profile-61d3d78d93094259a6489773ae29b84e/Default/Shared Dictionary/db","",45056,"archived"
"archive/unclassified/.tmp-chrome-webp-profile-61d3d78d93094259a6489773ae29b84e/Default/Shared Dictionary/db-journal","",0,"archived"
"archive/unclassified/.tmp-chrome-webp-profile-61d3d78d93094259a6489773ae29b84e/Default/shared_proto_db/000003.log",".log",0,"archived"
"archive/unclassified/.tmp-chrome-webp-profile-61d3d78d93094259a6489773ae29b84e/Default/shared_proto_db/CURRENT","",16,"archived"
"archive/unclassified/.tmp-chrome-webp-profile-61d3d78d93094259a6489773ae29b84e/Default/shared_proto_db/LOCK","",0,"archived"
"archive/unclassified/.tmp-chrome-webp-profile-61d3d78d93094259a6489773ae29b84e/Default/shared_proto_db/LOG","",457,"archived"
"archive/unclassified/.tmp-chrome-webp-profile-61d3d78d93094259a6489773ae29b84e/Default/shared_proto_db/MANIFEST-000001","",41,"archived"
"archive/unclassified/.tmp-chrome-webp-profile-61d3d78d93094259a6489773ae29b84e/Default/shared_proto_db/metadata/000003.log",".log",126,"archived"
"archive/unclassified/.tmp-chrome-webp-profile-61d3d78d93094259a6489773ae29b84e/Default/shared_proto_db/metadata/CURRENT","",16,"archived"
"archive/unclassified/.tmp-chrome-webp-profile-61d3d78d93094259a6489773ae29b84e/Default/shared_proto_db/metadata/LOCK","",0,"archived"
"archive/unclassified/.tmp-chrome-webp-profile-61d3d78d93094259a6489773ae29b84e/Default/shared_proto_db/metadata/LOG","",475,"archived"
"archive/unclassified/.tmp-chrome-webp-profile-61d3d78d93094259a6489773ae29b84e/Default/shared_proto_db/metadata/MANIFEST-000001","",41,"archived"
"archive/unclassified/.tmp-chrome-webp-profile-61d3d78d93094259a6489773ae29b84e/DevToolsActivePort","",59,"archived"
"archive/unclassified/.tmp-chrome-webp-profile-6b53ddd90a5f471eb636cfa687d58a6a/Crashpad/metadata","",0,"archived"
"archive/unclassified/.tmp-chrome-webp-profile-6b53ddd90a5f471eb636cfa687d58a6a/Crashpad/settings.dat",".dat",40,"archived"
"archive/unclassified/.tmp-chrome-webp-profile-6b53ddd90a5f471eb636cfa687d58a6a/CrashpadMetrics-active.pma",".pma",1048576,"archived"
"archive/unclassified/.tmp-chrome-webp-profile-6b53ddd90a5f471eb636cfa687d58a6a/Default/chrome_debug.log",".log",0,"archived"
"archive/unclassified/.tmp-chrome-webp-profile-6b53ddd90a5f471eb636cfa687d58a6a/Default/Code Cache/js/index","",24,"archived"
"archive/unclassified/.tmp-chrome-webp-profile-6b53ddd90a5f471eb636cfa687d58a6a/Default/Code Cache/js/index-dir/the-real-index","",48,"archived"
"archive/unclassified/.tmp-chrome-webp-profile-6b53ddd90a5f471eb636cfa687d58a6a/Default/Code Cache/wasm/index","",24,"archived"
"archive/unclassified/.tmp-chrome-webp-profile-6b53ddd90a5f471eb636cfa687d58a6a/Default/Code Cache/wasm/index-dir/the-real-index","",48,"archived"
"archive/unclassified/.tmp-chrome-webp-profile-6b53ddd90a5f471eb636cfa687d58a6a/Default/DawnGraphiteCache/data_0","",8192,"archived"
"archive/unclassified/.tmp-chrome-webp-profile-6b53ddd90a5f471eb636cfa687d58a6a/Default/DawnGraphiteCache/data_1","",270336,"archived"
"archive/unclassified/.tmp-chrome-webp-profile-6b53ddd90a5f471eb636cfa687d58a6a/Default/DawnGraphiteCache/data_2","",8192,"archived"
"archive/unclassified/.tmp-chrome-webp-profile-6b53ddd90a5f471eb636cfa687d58a6a/Default/DawnGraphiteCache/data_3","",8192,"archived"
"archive/unclassified/.tmp-chrome-webp-profile-6b53ddd90a5f471eb636cfa687d58a6a/Default/DawnGraphiteCache/index","",262512,"archived"
"archive/unclassified/.tmp-chrome-webp-profile-6b53ddd90a5f471eb636cfa687d58a6a/Default/DawnWebGPUCache/data_0","",8192,"archived"
"archive/unclassified/.tmp-chrome-webp-profile-6b53ddd90a5f471eb636cfa687d58a6a/Default/DawnWebGPUCache/data_1","",270336,"archived"
"archive/unclassified/.tmp-chrome-webp-profile-6b53ddd90a5f471eb636cfa687d58a6a/Default/DawnWebGPUCache/data_2","",8192,"archived"
"archive/unclassified/.tmp-chrome-webp-profile-6b53ddd90a5f471eb636cfa687d58a6a/Default/DawnWebGPUCache/data_3","",8192,"archived"
"archive/unclassified/.tmp-chrome-webp-profile-6b53ddd90a5f471eb636cfa687d58a6a/Default/DawnWebGPUCache/index","",262512,"archived"
"archive/unclassified/.tmp-chrome-webp-profile-6b53ddd90a5f471eb636cfa687d58a6a/Default/GPUCache/data_0","",8192,"archived"
"archive/unclassified/.tmp-chrome-webp-profile-6b53ddd90a5f471eb636cfa687d58a6a/Default/GPUCache/data_1","",270336,"archived"
"archive/unclassified/.tmp-chrome-webp-profile-6b53ddd90a5f471eb636cfa687d58a6a/Default/GPUCache/data_2","",8192,"archived"
"archive/unclassified/.tmp-chrome-webp-profile-6b53ddd90a5f471eb636cfa687d58a6a/Default/GPUCache/data_3","",8192,"archived"
"archive/unclassified/.tmp-chrome-webp-profile-6b53ddd90a5f471eb636cfa687d58a6a/Default/GPUCache/index","",262512,"archived"
"archive/unclassified/.tmp-chrome-webp-profile-6b53ddd90a5f471eb636cfa687d58a6a/Default/Local Storage/leveldb/000003.log",".log",0,"archived"
"archive/unclassified/.tmp-chrome-webp-profile-6b53ddd90a5f471eb636cfa687d58a6a/Default/Local Storage/leveldb/CURRENT","",16,"archived"
"archive/unclassified/.tmp-chrome-webp-profile-6b53ddd90a5f471eb636cfa687d58a6a/Default/Local Storage/leveldb/LOCK","",0,"archived"
"archive/unclassified/.tmp-chrome-webp-profile-6b53ddd90a5f471eb636cfa687d58a6a/Default/Local Storage/leveldb/LOG","",467,"archived"
"archive/unclassified/.tmp-chrome-webp-profile-6b53ddd90a5f471eb636cfa687d58a6a/Default/Local Storage/leveldb/MANIFEST-000001","",41,"archived"
"archive/unclassified/.tmp-chrome-webp-profile-6b53ddd90a5f471eb636cfa687d58a6a/Default/Network/NetworkDataMigrated","",0,"archived"
"archive/unclassified/.tmp-chrome-webp-profile-6b53ddd90a5f471eb636cfa687d58a6a/Default/PersistentOriginTrials/LOCK","",0,"archived"
"archive/unclassified/.tmp-chrome-webp-profile-6b53ddd90a5f471eb636cfa687d58a6a/Default/PersistentOriginTrials/LOG","",0,"archived"
"archive/unclassified/.tmp-chrome-webp-profile-6b53ddd90a5f471eb636cfa687d58a6a/Default/Shared Dictionary/cache/index","",24,"archived"
"archive/unclassified/.tmp-chrome-webp-profile-6b53ddd90a5f471eb636cfa687d58a6a/Default/Shared Dictionary/cache/index-dir/the-real-index","",48,"archived"
"archive/unclassified/.tmp-chrome-webp-profile-6b53ddd90a5f471eb636cfa687d58a6a/Default/Shared Dictionary/db","",45056,"archived"
"archive/unclassified/.tmp-chrome-webp-profile-6b53ddd90a5f471eb636cfa687d58a6a/Default/Shared Dictionary/db-journal","",0,"archived"
"archive/unclassified/.tmp-chrome-webp-profile-6b53ddd90a5f471eb636cfa687d58a6a/Default/shared_proto_db/000003.log",".log",0,"archived"
"archive/unclassified/.tmp-chrome-webp-profile-6b53ddd90a5f471eb636cfa687d58a6a/Default/shared_proto_db/CURRENT","",16,"archived"
"archive/unclassified/.tmp-chrome-webp-profile-6b53ddd90a5f471eb636cfa687d58a6a/Default/shared_proto_db/LOCK","",0,"archived"
"archive/unclassified/.tmp-chrome-webp-profile-6b53ddd90a5f471eb636cfa687d58a6a/Default/shared_proto_db/LOG","",457,"archived"
"archive/unclassified/.tmp-chrome-webp-profile-6b53ddd90a5f471eb636cfa687d58a6a/Default/shared_proto_db/MANIFEST-000001","",41,"archived"
"archive/unclassified/.tmp-chrome-webp-profile-6b53ddd90a5f471eb636cfa687d58a6a/Default/shared_proto_db/metadata/000003.log",".log",126,"archived"
"archive/unclassified/.tmp-chrome-webp-profile-6b53ddd90a5f471eb636cfa687d58a6a/Default/shared_proto_db/metadata/CURRENT","",16,"archived"
"archive/unclassified/.tmp-chrome-webp-profile-6b53ddd90a5f471eb636cfa687d58a6a/Default/shared_proto_db/metadata/LOCK","",0,"archived"
"archive/unclassified/.tmp-chrome-webp-profile-6b53ddd90a5f471eb636cfa687d58a6a/Default/shared_proto_db/metadata/LOG","",475,"archived"
"archive/unclassified/.tmp-chrome-webp-profile-6b53ddd90a5f471eb636cfa687d58a6a/Default/shared_proto_db/metadata/MANIFEST-000001","",41,"archived"
"archive/unclassified/.tmp-chrome-webp-profile-6b53ddd90a5f471eb636cfa687d58a6a/DevToolsActivePort","",59,"archived"
"archive/unclassified/.tmp-chrome-webp-profile-test/Crashpad/metadata","",0,"archived"
"archive/unclassified/.tmp-chrome-webp-profile-test/Crashpad/settings.dat",".dat",40,"archived"
"archive/unclassified/.tmp-chrome-webp-profile-test/CrashpadMetrics-active.pma",".pma",1048576,"archived"
"archive/unclassified/.tmp-chrome-webp-profile-test/Default/chrome_debug.log",".log",0,"archived"
"archive/unclassified/.tmp-chrome-webp-profile-test/Default/Code Cache/js/index","",24,"archived"
"archive/unclassified/.tmp-chrome-webp-profile-test/Default/Code Cache/js/index-dir/the-real-index","",48,"archived"
"archive/unclassified/.tmp-chrome-webp-profile-test/Default/Code Cache/wasm/index","",24,"archived"
"archive/unclassified/.tmp-chrome-webp-profile-test/Default/Code Cache/wasm/index-dir/the-real-index","",48,"archived"
"archive/unclassified/.tmp-chrome-webp-profile-test/Default/DawnGraphiteCache/data_0","",8192,"archived"
"archive/unclassified/.tmp-chrome-webp-profile-test/Default/DawnGraphiteCache/data_1","",270336,"archived"
"archive/unclassified/.tmp-chrome-webp-profile-test/Default/DawnGraphiteCache/data_2","",8192,"archived"
"archive/unclassified/.tmp-chrome-webp-profile-test/Default/DawnGraphiteCache/data_3","",8192,"archived"
"archive/unclassified/.tmp-chrome-webp-profile-test/Default/DawnGraphiteCache/index","",262512,"archived"
"archive/unclassified/.tmp-chrome-webp-profile-test/Default/DawnWebGPUCache/data_0","",8192,"archived"
"archive/unclassified/.tmp-chrome-webp-profile-test/Default/DawnWebGPUCache/data_1","",270336,"archived"
"archive/unclassified/.tmp-chrome-webp-profile-test/Default/DawnWebGPUCache/data_2","",8192,"archived"
"archive/unclassified/.tmp-chrome-webp-profile-test/Default/DawnWebGPUCache/data_3","",8192,"archived"
"archive/unclassified/.tmp-chrome-webp-profile-test/Default/DawnWebGPUCache/index","",262512,"archived"
"archive/unclassified/.tmp-chrome-webp-profile-test/Default/GPUCache/data_0","",8192,"archived"
"archive/unclassified/.tmp-chrome-webp-profile-test/Default/GPUCache/data_1","",270336,"archived"
"archive/unclassified/.tmp-chrome-webp-profile-test/Default/GPUCache/data_2","",8192,"archived"
"archive/unclassified/.tmp-chrome-webp-profile-test/Default/GPUCache/data_3","",8192,"archived"
"archive/unclassified/.tmp-chrome-webp-profile-test/Default/GPUCache/index","",262512,"archived"
"archive/unclassified/.tmp-chrome-webp-profile-test/Default/Local Storage/leveldb/000003.log",".log",0,"archived"
"archive/unclassified/.tmp-chrome-webp-profile-test/Default/Local Storage/leveldb/CURRENT","",16,"archived"
"archive/unclassified/.tmp-chrome-webp-profile-test/Default/Local Storage/leveldb/LOCK","",0,"archived"
"archive/unclassified/.tmp-chrome-webp-profile-test/Default/Local Storage/leveldb/LOG","",413,"archived"
"archive/unclassified/.tmp-chrome-webp-profile-test/Default/Local Storage/leveldb/MANIFEST-000001","",41,"archived"
"archive/unclassified/.tmp-chrome-webp-profile-test/Default/Network/NetworkDataMigrated","",0,"archived"
"archive/unclassified/.tmp-chrome-webp-profile-test/Default/PersistentOriginTrials/LOCK","",0,"archived"
"archive/unclassified/.tmp-chrome-webp-profile-test/Default/PersistentOriginTrials/LOG","",0,"archived"
"archive/unclassified/.tmp-chrome-webp-profile-test/Default/Shared Dictionary/cache/index","",24,"archived"
"archive/unclassified/.tmp-chrome-webp-profile-test/Default/Shared Dictionary/cache/index-dir/the-real-index","",48,"archived"
"archive/unclassified/.tmp-chrome-webp-profile-test/Default/Shared Dictionary/db","",45056,"archived"
"archive/unclassified/.tmp-chrome-webp-profile-test/Default/Shared Dictionary/db-journal","",0,"archived"
"archive/unclassified/.tmp-chrome-webp-profile-test/Default/shared_proto_db/000003.log",".log",0,"archived"
"archive/unclassified/.tmp-chrome-webp-profile-test/Default/shared_proto_db/CURRENT","",16,"archived"
"archive/unclassified/.tmp-chrome-webp-profile-test/Default/shared_proto_db/LOCK","",0,"archived"
"archive/unclassified/.tmp-chrome-webp-profile-test/Default/shared_proto_db/LOG","",401,"archived"
"archive/unclassified/.tmp-chrome-webp-profile-test/Default/shared_proto_db/MANIFEST-000001","",41,"archived"
"archive/unclassified/.tmp-chrome-webp-profile-test/Default/shared_proto_db/metadata/000003.log",".log",126,"archived"
"archive/unclassified/.tmp-chrome-webp-profile-test/Default/shared_proto_db/metadata/CURRENT","",16,"archived"
"archive/unclassified/.tmp-chrome-webp-profile-test/Default/shared_proto_db/metadata/LOCK","",0,"archived"
"archive/unclassified/.tmp-chrome-webp-profile-test/Default/shared_proto_db/metadata/LOG","",419,"archived"
"archive/unclassified/.tmp-chrome-webp-profile-test/Default/shared_proto_db/metadata/MANIFEST-000001","",41,"archived"
"archive/unclassified/.tmp-chrome-webp-profile-test/DevToolsActivePort","",59,"archived"
"archive/unclassified/chrome-shot-test.png",".png",2947,"archived"
"archive/unclassified/pinterest-upload/how-often-change-air-filter-pins-official.csv",".csv",2639,"archived"
"archive/unclassified/pinterest-upload/how-often-change-air-filter-pins.csv",".csv",3012,"archived"
"archive/unclassified/pinterest-upload/pin-manifest.csv",".csv",4273,"archived"
"archive/unclassified/pinterest-upload/README.md",".md",4697,"archived"
"archive/unclassified/the-sauce.txt",".txt",401,"archived"
"assets/css/style.css",".css",80952,"live-or-root"
"assets/icons/android-chrome-192x192.png",".png",5168,"live-or-root"
"assets/icons/android-chrome-512x512.png",".png",14643,"live-or-root"
"assets/icons/apple-touch-icon.png",".png",4771,"live-or-root"
"assets/icons/favicon-16x16.png",".png",591,"live-or-root"
"assets/icons/favicon-32x32.png",".png",1009,"live-or-root"
"assets/icons/favicon.ico",".ico",1638,"live-or-root"
"assets/icons/favicon.svg",".svg",1114,"live-or-root"
"assets/images/blog/air-filter-maintenance-tips.webp",".webp",64244,"live-or-root"
"assets/images/blog/change-air-filter-installation.webp",".webp",75636,"live-or-root"
"assets/images/blog/clean-vs-clogged-filter.webp",".webp",85214,"live-or-root"
"assets/images/blog/clogged-filter-warning-signs.webp",".webp",63726,"live-or-root"
"assets/images/blog/dirty-filter-airflow-energy-diagram.webp",".webp",73204,"live-or-root"
"assets/images/blog/dirty-filter-energy-bill-hero.webp",".webp",79000,"live-or-root"
"assets/images/blog/dirty-vs-clean-air-filter.webp",".webp",108698,"live-or-root"
"assets/images/blog/hvac-energy-bill-factors.webp",".webp",79882,"live-or-root"
"assets/images/blog/signs-hvac-filter-clogged-hero.webp",".webp",77030,"live-or-root"
"assets/images/brand/filter-wizard-logo.png",".png",36939,"live-or-root"
"assets/images/homepage/before-after-dirty-clean-filter-1280.webp",".webp",90366,"live-or-root"
"assets/images/homepage/before-after-dirty-clean-filter-640.webp",".webp",28440,"live-or-root"
"assets/images/homepage/before-after-dirty-clean-filter-960.webp",".webp",56970,"live-or-root"
"assets/images/homepage/before-after-dirty-clean-filter.png",".png",2410289,"live-or-root"
"assets/images/homepage/filter-wizard-hero-delivery.webp",".webp",63888,"live-or-root"
"assets/images/homepage/filter-wizard-hero-dirty-clean-1280.webp",".webp",97218,"live-or-root"
"assets/images/homepage/filter-wizard-hero-dirty-clean-640.webp",".webp",32760,"live-or-root"
"assets/images/homepage/filter-wizard-hero-dirty-clean-960.webp",".webp",63246,"live-or-root"
"assets/images/homepage/filter-wizard-hero-dirty-clean.webp",".webp",138158,"live-or-root"
"assets/images/homepage/hero-filter-wizard-homeowner-1280.webp",".webp",82724,"live-or-root"
"assets/images/homepage/hero-filter-wizard-homeowner-640.webp",".webp",27584,"live-or-root"
"assets/images/homepage/hero-filter-wizard-homeowner-960.webp",".webp",52066,"live-or-root"
"assets/images/homepage/hero-filter-wizard-homeowner.png",".png",2325253,"live-or-root"
"assets/images/products/filter-product-confirm-size.webp",".webp",41570,"live-or-root"
"assets/images/products/filter-product-generic.webp",".webp",37396,"live-or-root"
"assets/images/products/filter-product-merv-11.webp",".webp",42864,"live-or-root"
"assets/images/products/filter-product-merv-13.webp",".webp",46802,"live-or-root"
"assets/images/products/filter-product-merv-8.webp",".webp",37788,"live-or-root"
"assets/images/social/pinterest/how-often-change-air-filter/air-filter-replacement-schedule-03.webp",".webp",59716,"live-or-root"
"assets/images/social/pinterest/how-often-change-air-filter/dirty-vs-clean-air-filter-02.webp",".webp",71248,"live-or-root"
"assets/images/social/pinterest/how-often-change-air-filter/how-often-change-air-filter-guide-01.webp",".webp",63528,"live-or-root"
"assets/images/social/pinterest/how-often-change-air-filter/how-to-find-air-filter-size-05.webp",".webp",59040,"live-or-root"
"assets/images/social/pinterest/how-often-change-air-filter/indoor-air-quality-filter-tips-06.webp",".webp",73074,"live-or-root"
"assets/images/social/pinterest/how-often-change-air-filter/signs-hvac-filter-needs-replacing-04.webp",".webp",72230,"live-or-root"
"assets/js/script.js",".js",89332,"live-or-root"
"blog/dirty-air-filter-energy-bill.html",".html",41089,"live-or-root"
"blog/how-often-change-air-filter.html",".html",32339,"live-or-root"
"blog/index.html",".html",8500,"live-or-root"
"blog/signs-hvac-filter-is-clogged.html",".html",42307,"live-or-root"
"cloudflare-gagegansonnew@gmail.com-2026.07.11.txt",".txt",79,"live-or-root"
"CNAME","",18,"live-or-root"
"cookie-policy.html",".html",524,"live-or-root"
"docs/project-notes/exact-duplicates.txt",".txt",25571,"documentation"
"docs/project-notes/file-inventory.csv",".csv",77396,"documentation"
"docs/project-notes/FILE-STRUCTURE.md",".md",3582,"documentation"
"index.html",".html",30619,"live-or-root"
"legal/affiliate-disclosure.html",".html",6890,"live-or-root"
"legal/cookie-policy.html",".html",8651,"live-or-root"
"legal/privacy-policy.html",".html",9977,"live-or-root"
"legal/terms-of-use.html",".html",8145,"live-or-root"
"privacy-policy.html",".html",530,"live-or-root"
"README.md",".md",4439,"live-or-root"
"REORGANIZATION-REPORT.md",".md",5800,"live-or-root"
"robots.txt",".txt",71,"live-or-root"
"sitemap.xml",".xml",1756,"live-or-root"
"terms-of-use.html",".html",518,"live-or-root"
